id,category,question,answer,tags,source_url
qa_001,store,What is Naguabo Commercial?,"Naguabo Commercial is a hardware store in Naguabo, Puerto Rico, offering products for building, fixing, paint, plumbing, electrical, garden, lighting, hardware, and roof sealing.","about,hardware store",https://ncommercial.vercel.app/
qa_002,store,Where is Naguabo Commercial located?,"Naguabo Commercial is located at 20 Calle Venecia Naguabo, Puerto Rico, 00718.","address,location",https://ncommercial.vercel.app/
qa_003,store,What is the phone number for Naguabo Commercial?,The phone number is (787)874-2120.,"phone,contact",https://ncommercial.vercel.app/
qa_004,store,What is the email for Naguabo Commercial?,The contact email is info@naguabo-commercial.com.,"email,contact",https://ncommercial.vercel.app/
qa_005,store,Is Naguabo Commercial online store open 24/7?,Yes. The website lists Naguabo Commercial as Open 24/7 Online.,"hours,online",https://ncommercial.vercel.app/
qa_006,store,Does Naguabo Commercial offer free pickup?,"Yes. The site lists free pickup, and product pages state pickup is available in about 1 hour at the Naguabo store for listed products.",pickup,https://ncommercial.vercel.app/
qa_007,store,How fast is pickup at the Naguabo store?,The site states in-store pickup is ready in about 1 hour for listed products.,"pickup,time",https://ncommercial.vercel.app/
qa_008,store,Does Naguabo Commercial deliver across Puerto Rico?,Yes. The homepage states fast delivery across Puerto Rico.,"delivery,Puerto Rico",https://ncommercial.vercel.app/
qa_009,store,Is checkout secure?,Yes. The site states secure checkout powered by Stripe.,"checkout,Stripe",https://ncommercial.vercel.app/
qa_010,store,What happens if an item is out of stock?,"If an item is out of stock, the site says to allow 24 to 48 hours for delivery or pickup.","stock,out of stock",https://ncommercial.vercel.app/
qa_011,store,Can customers ask questions by WhatsApp?,"Yes. Product pages include an “Ask on WhatsApp” option, and the homepage also offers WhatsApp subscription for deals.","WhatsApp,customer service",https://ncommercial.vercel.app/
qa_012,store,Can customers subscribe to deals?,"Yes. The website invites customers to subscribe via WhatsApp for weekly offers, new arrivals, and pro tips.","deals,WhatsApp",https://ncommercial.vercel.app/
qa_013,store,What departments are available?,"Departments shown include Tools, Building Materials, Plumbing, Electrical, Paint, Garden, Hardware, Lighting, and Roof Sealing.","departments,categories",https://ncommercial.vercel.app/
qa_014,store,What slogan does the site use?,The homepage headline says “Build It. Fix It. Get It Done.”,slogan,https://ncommercial.vercel.app/
qa_015,store,What brand is promoted for roofing?,CROSSCO is promoted as a trusted roofing brand on the homepage.,"CROSSCO,roofing",https://ncommercial.vercel.app/
qa_016,store,Does the site sell roof sealers?,"Yes. The site has a Roof Sealing department and features CROSSCO Water Guard, CROSSCO Super White, and CROSSCO ES 2000 Plus.",roof sealing,https://ncommercial.vercel.app/
qa_017,store,Does the site sell tools?,Yes. The Tools department includes products such as the DEWALT 20V MAX Cordless Drill Kit.,tools,https://ncommercial.vercel.app/
qa_018,store,Does the site sell plumbing products?,Yes. The Plumbing department includes products such as the Moen Single-Handle Kitchen Faucet.,plumbing,https://ncommercial.vercel.app/
qa_019,store,Does the site sell paint?,Yes. The Paint department includes products such as BEHR Premium Plus Interior Paint 1 Gal.,paint,https://ncommercial.vercel.app/
qa_020,store,Does the site sell electrical or lighting products?,Yes. The site includes Electrical and Lighting departments and features an EcoSmart LED 60W Equivalent Daylight Bulb 4-Pack.,"electrical,lighting",https://ncommercial.vercel.app/
qa_021,store,Does the site sell building materials?,Yes. Building Materials includes Quikrete 60 lb. Concrete Mix.,building materials,https://ncommercial.vercel.app/
qa_022,store,Does the site sell garden products?,Yes. Garden products include the True Temper Heavy Duty Wheelbarrow 6 cu ft.,garden,https://ncommercial.vercel.app/
qa_023,store,What customer service links are listed?,"The site lists Help Center, Returns, Shipping Info, and Contact Us under Customer Service.",customer service,https://ncommercial.vercel.app/
qa_024,store,What account options are shown?,"The site lists Sign In, Register, Order Status, and Guest Checkout under My Account.",account,https://ncommercial.vercel.app/
qa_025,store,Can customers use guest checkout?,Yes. Guest Checkout is listed under the My Account section.,guest checkout,https://ncommercial.vercel.app/
qa_026,Tools,What is DEWALT 20V MAX Cordless Drill Kit?,"DEWALT 20V MAX Cordless Drill Kit is a DEWALT product in the Tools category. Compact, lightweight design fits into tight areas. High performance motor delivers 300 unit watts out (UWO) of power. Includes 2 batteries, charger, and case.","DEWALT,DW-DCD771C2",https://ncommercial.vercel.app/store/dewalt-20v-cordless-drill
qa_027,Tools,How much does DEWALT 20V MAX Cordless Drill Kit cost?,DEWALT 20V MAX Cordless Drill Kit costs $199.99. It is on sale from $249.99 with a 20% savings.,"price,cost",https://ncommercial.vercel.app/store/dewalt-20v-cordless-drill
qa_028,Tools,What is the SKU or item number for DEWALT 20V MAX Cordless Drill Kit?,The SKU/item number for DEWALT 20V MAX Cordless Drill Kit is DW-DCD771C2.,"sku,item number",https://ncommercial.vercel.app/store/dewalt-20v-cordless-drill
qa_029,Tools,What is the UPC for DEWALT 20V MAX Cordless Drill Kit?,The UPC for DEWALT 20V MAX Cordless Drill Kit is 885911599832.,"UPC,barcode",https://ncommercial.vercel.app/store/dewalt-20v-cordless-drill
qa_030,Tools,What brand makes DEWALT 20V MAX Cordless Drill Kit?,DEWALT 20V MAX Cordless Drill Kit is made by DEWALT.,brand,https://ncommercial.vercel.app/store/dewalt-20v-cordless-drill
qa_031,Tools,How many DEWALT 20V MAX Cordless Drill Kit are in stock?,The site lists 45 units of DEWALT 20V MAX Cordless Drill Kit in stock.,"stock,inventory",https://ncommercial.vercel.app/store/dewalt-20v-cordless-drill
qa_032,Tools,What is the rating for DEWALT 20V MAX Cordless Drill Kit?,"DEWALT 20V MAX Cordless Drill Kit is rated 4.8 based on 1,247 reviews.","rating,reviews",https://ncommercial.vercel.app/store/dewalt-20v-cordless-drill
qa_033,Tools,Can I pick up DEWALT 20V MAX Cordless Drill Kit in store?,Yes. The product page says pickup is available in 1 hour at the Naguabo store for DEWALT 20V MAX Cordless Drill Kit.,pickup,https://ncommercial.vercel.app/store/dewalt-20v-cordless-drill
qa_034,Tools,Does DEWALT 20V MAX Cordless Drill Kit ship?,Yes. The product page says DEWALT 20V MAX Cordless Drill Kit ships in 1-2 days.,shipping,https://ncommercial.vercel.app/store/dewalt-20v-cordless-drill
qa_035,Tools,Does DEWALT 20V MAX Cordless Drill Kit qualify for free shipping?,The product page says shipping is free for orders over $99. DEWALT 20V MAX Cordless Drill Kit is listed with that shipping note.,"shipping,free over 99",https://ncommercial.vercel.app/store/dewalt-20v-cordless-drill
qa_036,Tools,What category is DEWALT 20V MAX Cordless Drill Kit in?,DEWALT 20V MAX Cordless Drill Kit is in the Tools category.,category,https://ncommercial.vercel.app/store/dewalt-20v-cordless-drill
qa_037,Tools,Is DEWALT 20V MAX Cordless Drill Kit available at the Naguabo store?,Yes. The product page lists DEWALT 20V MAX Cordless Drill Kit at the Naguabo store with 45 in stock.,"availability,Naguabo store",https://ncommercial.vercel.app/store/dewalt-20v-cordless-drill
qa_038,Tools,Can I buy DEWALT 20V MAX Cordless Drill Kit online?,Yes. The product page includes Add to cart and Buy now options for DEWALT 20V MAX Cordless Drill Kit.,"online order,buy now",https://ncommercial.vercel.app/store/dewalt-20v-cordless-drill
qa_039,Tools,What are the main features of DEWALT 20V MAX Cordless Drill Kit?,"Main details for DEWALT 20V MAX Cordless Drill Kit: Compact, lightweight design fits into tight areas. High performance motor delivers 300 unit watts out (UWO) of power. Includes 2 batteries, charger, and case.","features,description",https://ncommercial.vercel.app/store/dewalt-20v-cordless-drill
qa_040,Tools,Is DEWALT 20V MAX Cordless Drill Kit a good option for its department?,"Based on the site listing, DEWALT 20V MAX Cordless Drill Kit is a featured Tools product with a 4.8 rating and 1,247 reviews.","recommendation,featured",https://ncommercial.vercel.app/store/dewalt-20v-cordless-drill
qa_041,Tools,Do you have DEWALT DW-DCD771C2?,Yes. DW-DCD771C2 is DEWALT 20V MAX Cordless Drill Kit by DEWALT. The listed price is $199.99 and stock is 45 units.,"DEWALT,DW-DCD771C2,lookup",https://ncommercial.vercel.app/store/dewalt-20v-cordless-drill
qa_042,Tools,What should I know before ordering DEWALT 20V MAX Cordless Drill Kit?,"Before ordering DEWALT 20V MAX Cordless Drill Kit, note the price is $199.99, SKU is DW-DCD771C2, stock is 45, shipping is listed as 1-2 days, and pickup is listed as 1 hour at the Naguabo store.","ordering,summary",https://ncommercial.vercel.app/store/dewalt-20v-cordless-drill
qa_043,Building Materials,What is Quikrete 60 lb. Concrete Mix?,Quikrete 60 lb. Concrete Mix is a Quikrete product in the Building Materials category. Original 4000 PSI average compressive strength concrete mix. Use for any general concrete application. Just add water.,"Quikrete,QK-1101-60",https://ncommercial.vercel.app/store/quikrete-concrete-mix
qa_044,Building Materials,How much does Quikrete 60 lb. Concrete Mix cost?,Quikrete 60 lb. Concrete Mix costs $6.48.,"price,cost",https://ncommercial.vercel.app/store/quikrete-concrete-mix
qa_045,Building Materials,What is the SKU or item number for Quikrete 60 lb. Concrete Mix?,The SKU/item number for Quikrete 60 lb. Concrete Mix is QK-1101-60.,"sku,item number",https://ncommercial.vercel.app/store/quikrete-concrete-mix
qa_046,Building Materials,What is the UPC for Quikrete 60 lb. Concrete Mix?,The UPC for Quikrete 60 lb. Concrete Mix is 039645011010.,"UPC,barcode",https://ncommercial.vercel.app/store/quikrete-concrete-mix
qa_047,Building Materials,What brand makes Quikrete 60 lb. Concrete Mix?,Quikrete 60 lb. Concrete Mix is made by Quikrete.,brand,https://ncommercial.vercel.app/store/quikrete-concrete-mix
qa_048,Building Materials,How many Quikrete 60 lb. Concrete Mix are in stock?,The site lists 320 units of Quikrete 60 lb. Concrete Mix in stock.,"stock,inventory",https://ncommercial.vercel.app/store/quikrete-concrete-mix
qa_049,Building Materials,What is the rating for Quikrete 60 lb. Concrete Mix?,Quikrete 60 lb. Concrete Mix is rated 4.6 based on 892 reviews.,"rating,reviews",https://ncommercial.vercel.app/store/quikrete-concrete-mix
qa_050,Building Materials,Can I pick up Quikrete 60 lb. Concrete Mix in store?,Yes. The product page says pickup is available in 1 hour at the Naguabo store for Quikrete 60 lb. Concrete Mix.,pickup,https://ncommercial.vercel.app/store/quikrete-concrete-mix
qa_051,Building Materials,Does Quikrete 60 lb. Concrete Mix ship?,Yes. The product page says Quikrete 60 lb. Concrete Mix ships in 1-2 days.,shipping,https://ncommercial.vercel.app/store/quikrete-concrete-mix
qa_052,Building Materials,Does Quikrete 60 lb. Concrete Mix qualify for free shipping?,The product page says shipping is free for orders over $99. Quikrete 60 lb. Concrete Mix is listed with that shipping note.,"shipping,free over 99",https://ncommercial.vercel.app/store/quikrete-concrete-mix
qa_053,Building Materials,What category is Quikrete 60 lb. Concrete Mix in?,Quikrete 60 lb. Concrete Mix is in the Building Materials category.,category,https://ncommercial.vercel.app/store/quikrete-concrete-mix
qa_054,Building Materials,Is Quikrete 60 lb. Concrete Mix available at the Naguabo store?,Yes. The product page lists Quikrete 60 lb. Concrete Mix at the Naguabo store with 320 in stock.,"availability,Naguabo store",https://ncommercial.vercel.app/store/quikrete-concrete-mix
qa_055,Building Materials,Can I buy Quikrete 60 lb. Concrete Mix online?,Yes. The product page includes Add to cart and Buy now options for Quikrete 60 lb. Concrete Mix.,"online order,buy now",https://ncommercial.vercel.app/store/quikrete-concrete-mix
qa_056,Building Materials,What are the main features of Quikrete 60 lb. Concrete Mix?,Main details for Quikrete 60 lb. Concrete Mix: Original 4000 PSI average compressive strength concrete mix. Use for any general concrete application. Just add water.,"features,description",https://ncommercial.vercel.app/store/quikrete-concrete-mix
qa_057,Building Materials,Is Quikrete 60 lb. Concrete Mix a good option for its department?,"Based on the site listing, Quikrete 60 lb. Concrete Mix is a featured Building Materials product with a 4.6 rating and 892 reviews.","recommendation,featured",https://ncommercial.vercel.app/store/quikrete-concrete-mix
qa_058,Building Materials,Do you have Quikrete QK-1101-60?,Yes. QK-1101-60 is Quikrete 60 lb. Concrete Mix by Quikrete. The listed price is $6.48 and stock is 320 units.,"Quikrete,QK-1101-60,lookup",https://ncommercial.vercel.app/store/quikrete-concrete-mix
qa_059,Building Materials,What should I know before ordering Quikrete 60 lb. Concrete Mix?,"Before ordering Quikrete 60 lb. Concrete Mix, note the price is $6.48, SKU is QK-1101-60, stock is 320, shipping is listed as 1-2 days, and pickup is listed as 1 hour at the Naguabo store.","ordering,summary",https://ncommercial.vercel.app/store/quikrete-concrete-mix
qa_060,Plumbing,What is Moen Single-Handle Kitchen Faucet?,Moen Single-Handle Kitchen Faucet is a Moen product in the Plumbing category. Chrome finish with pull-down sprayer. Lifetime limited warranty. Easy installation with included hardware.,"Moen,MN-87039",https://ncommercial.vercel.app/store/moen-kitchen-faucet
qa_061,Plumbing,How much does Moen Single-Handle Kitchen Faucet cost?,Moen Single-Handle Kitchen Faucet costs $159.00. It is on sale from $199.00 with a 20% savings.,"price,cost",https://ncommercial.vercel.app/store/moen-kitchen-faucet
qa_062,Plumbing,What is the SKU or item number for Moen Single-Handle Kitchen Faucet?,The SKU/item number for Moen Single-Handle Kitchen Faucet is MN-87039.,"sku,item number",https://ncommercial.vercel.app/store/moen-kitchen-faucet
qa_063,Plumbing,What is the UPC for Moen Single-Handle Kitchen Faucet?,The UPC for Moen Single-Handle Kitchen Faucet is 026508295731.,"UPC,barcode",https://ncommercial.vercel.app/store/moen-kitchen-faucet
qa_064,Plumbing,What brand makes Moen Single-Handle Kitchen Faucet?,Moen Single-Handle Kitchen Faucet is made by Moen.,brand,https://ncommercial.vercel.app/store/moen-kitchen-faucet
qa_065,Plumbing,How many Moen Single-Handle Kitchen Faucet are in stock?,The site lists 28 units of Moen Single-Handle Kitchen Faucet in stock.,"stock,inventory",https://ncommercial.vercel.app/store/moen-kitchen-faucet
qa_066,Plumbing,What is the rating for Moen Single-Handle Kitchen Faucet?,Moen Single-Handle Kitchen Faucet is rated 4.7 based on 543 reviews.,"rating,reviews",https://ncommercial.vercel.app/store/moen-kitchen-faucet
qa_067,Plumbing,Can I pick up Moen Single-Handle Kitchen Faucet in store?,Yes. The product page says pickup is available in 1 hour at the Naguabo store for Moen Single-Handle Kitchen Faucet.,pickup,https://ncommercial.vercel.app/store/moen-kitchen-faucet
qa_068,Plumbing,Does Moen Single-Handle Kitchen Faucet ship?,Yes. The product page says Moen Single-Handle Kitchen Faucet ships in 1-2 days.,shipping,https://ncommercial.vercel.app/store/moen-kitchen-faucet
qa_069,Plumbing,Does Moen Single-Handle Kitchen Faucet qualify for free shipping?,The product page says shipping is free for orders over $99. Moen Single-Handle Kitchen Faucet is listed with that shipping note.,"shipping,free over 99",https://ncommercial.vercel.app/store/moen-kitchen-faucet
qa_070,Plumbing,What category is Moen Single-Handle Kitchen Faucet in?,Moen Single-Handle Kitchen Faucet is in the Plumbing category.,category,https://ncommercial.vercel.app/store/moen-kitchen-faucet
qa_071,Plumbing,Is Moen Single-Handle Kitchen Faucet available at the Naguabo store?,Yes. The product page lists Moen Single-Handle Kitchen Faucet at the Naguabo store with 28 in stock.,"availability,Naguabo store",https://ncommercial.vercel.app/store/moen-kitchen-faucet
qa_072,Plumbing,Can I buy Moen Single-Handle Kitchen Faucet online?,Yes. The product page includes Add to cart and Buy now options for Moen Single-Handle Kitchen Faucet.,"online order,buy now",https://ncommercial.vercel.app/store/moen-kitchen-faucet
qa_073,Plumbing,What are the main features of Moen Single-Handle Kitchen Faucet?,Main details for Moen Single-Handle Kitchen Faucet: Chrome finish with pull-down sprayer. Lifetime limited warranty. Easy installation with included hardware.,"features,description",https://ncommercial.vercel.app/store/moen-kitchen-faucet
qa_074,Plumbing,Is Moen Single-Handle Kitchen Faucet a good option for its department?,"Based on the site listing, Moen Single-Handle Kitchen Faucet is a featured Plumbing product with a 4.7 rating and 543 reviews.","recommendation,featured",https://ncommercial.vercel.app/store/moen-kitchen-faucet
qa_075,Plumbing,Do you have Moen MN-87039?,Yes. MN-87039 is Moen Single-Handle Kitchen Faucet by Moen. The listed price is $159.00 and stock is 28 units.,"Moen,MN-87039,lookup",https://ncommercial.vercel.app/store/moen-kitchen-faucet
qa_076,Plumbing,What should I know before ordering Moen Single-Handle Kitchen Faucet?,"Before ordering Moen Single-Handle Kitchen Faucet, note the price is $159.00, SKU is MN-87039, stock is 28, shipping is listed as 1-2 days, and pickup is listed as 1 hour at the Naguabo store.","ordering,summary",https://ncommercial.vercel.app/store/moen-kitchen-faucet
qa_077,Paint,What is BEHR Premium Plus Interior Paint 1 Gal?,"BEHR Premium Plus Interior Paint 1 Gal is a BEHR product in the Paint category. Low VOC, eggshell finish. Excellent coverage and durability. Available in thousands of colors.","BEHR,BH-PP-INT-1G",https://ncommercial.vercel.app/store/behr-interior-paint
qa_078,Paint,How much does BEHR Premium Plus Interior Paint 1 Gal cost?,BEHR Premium Plus Interior Paint 1 Gal costs $32.98.,"price,cost",https://ncommercial.vercel.app/store/behr-interior-paint
qa_079,Paint,What is the SKU or item number for BEHR Premium Plus Interior Paint 1 Gal?,The SKU/item number for BEHR Premium Plus Interior Paint 1 Gal is BH-PP-INT-1G.,"sku,item number",https://ncommercial.vercel.app/store/behr-interior-paint
qa_080,Paint,What is the UPC for BEHR Premium Plus Interior Paint 1 Gal?,The UPC for BEHR Premium Plus Interior Paint 1 Gal is 082474200056.,"UPC,barcode",https://ncommercial.vercel.app/store/behr-interior-paint
qa_081,Paint,What brand makes BEHR Premium Plus Interior Paint 1 Gal?,BEHR Premium Plus Interior Paint 1 Gal is made by BEHR.,brand,https://ncommercial.vercel.app/store/behr-interior-paint
qa_082,Paint,How many BEHR Premium Plus Interior Paint 1 Gal are in stock?,The site lists 156 units of BEHR Premium Plus Interior Paint 1 Gal in stock.,"stock,inventory",https://ncommercial.vercel.app/store/behr-interior-paint
qa_083,Paint,What is the rating for BEHR Premium Plus Interior Paint 1 Gal?,"BEHR Premium Plus Interior Paint 1 Gal is rated 4.7 based on 2,103 reviews.","rating,reviews",https://ncommercial.vercel.app/store/behr-interior-paint
qa_084,Paint,Can I pick up BEHR Premium Plus Interior Paint 1 Gal in store?,Yes. The product page says pickup is available in 1 hour at the Naguabo store for BEHR Premium Plus Interior Paint 1 Gal.,pickup,https://ncommercial.vercel.app/store/behr-interior-paint
qa_085,Paint,Does BEHR Premium Plus Interior Paint 1 Gal ship?,Yes. The product page says BEHR Premium Plus Interior Paint 1 Gal ships in 1-2 days.,shipping,https://ncommercial.vercel.app/store/behr-interior-paint
qa_086,Paint,Does BEHR Premium Plus Interior Paint 1 Gal qualify for free shipping?,The product page says shipping is free for orders over $99. BEHR Premium Plus Interior Paint 1 Gal is listed with that shipping note.,"shipping,free over 99",https://ncommercial.vercel.app/store/behr-interior-paint
qa_087,Paint,What category is BEHR Premium Plus Interior Paint 1 Gal in?,BEHR Premium Plus Interior Paint 1 Gal is in the Paint category.,category,https://ncommercial.vercel.app/store/behr-interior-paint
qa_088,Paint,Is BEHR Premium Plus Interior Paint 1 Gal available at the Naguabo store?,Yes. The product page lists BEHR Premium Plus Interior Paint 1 Gal at the Naguabo store with 156 in stock.,"availability,Naguabo store",https://ncommercial.vercel.app/store/behr-interior-paint
qa_089,Paint,Can I buy BEHR Premium Plus Interior Paint 1 Gal online?,Yes. The product page includes Add to cart and Buy now options for BEHR Premium Plus Interior Paint 1 Gal.,"online order,buy now",https://ncommercial.vercel.app/store/behr-interior-paint
qa_090,Paint,What are the main features of BEHR Premium Plus Interior Paint 1 Gal?,"Main details for BEHR Premium Plus Interior Paint 1 Gal: Low VOC, eggshell finish. Excellent coverage and durability. Available in thousands of colors.","features,description",https://ncommercial.vercel.app/store/behr-interior-paint
qa_091,Paint,Is BEHR Premium Plus Interior Paint 1 Gal a good option for its department?,"Based on the site listing, BEHR Premium Plus Interior Paint 1 Gal is a featured Paint product with a 4.7 rating and 2,103 reviews.","recommendation,featured",https://ncommercial.vercel.app/store/behr-interior-paint
qa_092,Paint,Do you have BEHR BH-PP-INT-1G?,Yes. BH-PP-INT-1G is BEHR Premium Plus Interior Paint 1 Gal by BEHR. The listed price is $32.98 and stock is 156 units.,"BEHR,BH-PP-INT-1G,lookup",https://ncommercial.vercel.app/store/behr-interior-paint
qa_093,Paint,What should I know before ordering BEHR Premium Plus Interior Paint 1 Gal?,"Before ordering BEHR Premium Plus Interior Paint 1 Gal, note the price is $32.98, SKU is BH-PP-INT-1G, stock is 156, shipping is listed as 1-2 days, and pickup is listed as 1 hour at the Naguabo store.","ordering,summary",https://ncommercial.vercel.app/store/behr-interior-paint
qa_094,Electrical / Lighting,What is LED 60W Equivalent Daylight Bulb 4-Pack?,"LED 60W Equivalent Daylight Bulb 4-Pack is a EcoSmart product in the Electrical / Lighting category. Energy-saving LED bulb. 800 lumens. 5000K daylight. Lasts up to 15,000 hours.","EcoSmart,LED-60W-4PK",https://ncommercial.vercel.app/store/led-60w-bulb-4pack
qa_095,Electrical / Lighting,How much does LED 60W Equivalent Daylight Bulb 4-Pack cost?,LED 60W Equivalent Daylight Bulb 4-Pack costs $9.97.,"price,cost",https://ncommercial.vercel.app/store/led-60w-bulb-4pack
qa_096,Electrical / Lighting,What is the SKU or item number for LED 60W Equivalent Daylight Bulb 4-Pack?,The SKU/item number for LED 60W Equivalent Daylight Bulb 4-Pack is LED-60W-4PK.,"sku,item number",https://ncommercial.vercel.app/store/led-60w-bulb-4pack
qa_097,Electrical / Lighting,What is the UPC for LED 60W Equivalent Daylight Bulb 4-Pack?,The UPC for LED 60W Equivalent Daylight Bulb 4-Pack is 046135710179.,"UPC,barcode",https://ncommercial.vercel.app/store/led-60w-bulb-4pack
qa_098,Electrical / Lighting,What brand makes LED 60W Equivalent Daylight Bulb 4-Pack?,LED 60W Equivalent Daylight Bulb 4-Pack is made by EcoSmart.,brand,https://ncommercial.vercel.app/store/led-60w-bulb-4pack
qa_099,Electrical / Lighting,How many LED 60W Equivalent Daylight Bulb 4-Pack are in stock?,The site lists 234 units of LED 60W Equivalent Daylight Bulb 4-Pack in stock.,"stock,inventory",https://ncommercial.vercel.app/store/led-60w-bulb-4pack
qa_100,Electrical / Lighting,What is the rating for LED 60W Equivalent Daylight Bulb 4-Pack?,"LED 60W Equivalent Daylight Bulb 4-Pack is rated 4.6 based on 4,521 reviews.","rating,reviews",https://ncommercial.vercel.app/store/led-60w-bulb-4pack
qa_101,Electrical / Lighting,Can I pick up LED 60W Equivalent Daylight Bulb 4-Pack in store?,Yes. The product page says pickup is available in 1 hour at the Naguabo store for LED 60W Equivalent Daylight Bulb 4-Pack.,pickup,https://ncommercial.vercel.app/store/led-60w-bulb-4pack
qa_102,Electrical / Lighting,Does LED 60W Equivalent Daylight Bulb 4-Pack ship?,Yes. The product page says LED 60W Equivalent Daylight Bulb 4-Pack ships in 1-2 days.,shipping,https://ncommercial.vercel.app/store/led-60w-bulb-4pack
qa_103,Electrical / Lighting,Does LED 60W Equivalent Daylight Bulb 4-Pack qualify for free shipping?,The product page says shipping is free for orders over $99. LED 60W Equivalent Daylight Bulb 4-Pack is listed with that shipping note.,"shipping,free over 99",https://ncommercial.vercel.app/store/led-60w-bulb-4pack
qa_104,Electrical / Lighting,What category is LED 60W Equivalent Daylight Bulb 4-Pack in?,LED 60W Equivalent Daylight Bulb 4-Pack is in the Electrical / Lighting category.,category,https://ncommercial.vercel.app/store/led-60w-bulb-4pack
qa_105,Electrical / Lighting,Is LED 60W Equivalent Daylight Bulb 4-Pack available at the Naguabo store?,Yes. The product page lists LED 60W Equivalent Daylight Bulb 4-Pack at the Naguabo store with 234 in stock.,"availability,Naguabo store",https://ncommercial.vercel.app/store/led-60w-bulb-4pack
qa_106,Electrical / Lighting,Can I buy LED 60W Equivalent Daylight Bulb 4-Pack online?,Yes. The product page includes Add to cart and Buy now options for LED 60W Equivalent Daylight Bulb 4-Pack.,"online order,buy now",https://ncommercial.vercel.app/store/led-60w-bulb-4pack
qa_107,Electrical / Lighting,What are the main features of LED 60W Equivalent Daylight Bulb 4-Pack?,"Main details for LED 60W Equivalent Daylight Bulb 4-Pack: Energy-saving LED bulb. 800 lumens. 5000K daylight. Lasts up to 15,000 hours.","features,description",https://ncommercial.vercel.app/store/led-60w-bulb-4pack
qa_108,Electrical / Lighting,Is LED 60W Equivalent Daylight Bulb 4-Pack a good option for its department?,"Based on the site listing, LED 60W Equivalent Daylight Bulb 4-Pack is a featured Electrical / Lighting product with a 4.6 rating and 4,521 reviews.","recommendation,featured",https://ncommercial.vercel.app/store/led-60w-bulb-4pack
qa_109,Electrical / Lighting,Do you have EcoSmart LED-60W-4PK?,Yes. LED-60W-4PK is LED 60W Equivalent Daylight Bulb 4-Pack by EcoSmart. The listed price is $9.97 and stock is 234 units.,"EcoSmart,LED-60W-4PK,lookup",https://ncommercial.vercel.app/store/led-60w-bulb-4pack
qa_110,Electrical / Lighting,What should I know before ordering LED 60W Equivalent Daylight Bulb 4-Pack?,"Before ordering LED 60W Equivalent Daylight Bulb 4-Pack, note the price is $9.97, SKU is LED-60W-4PK, stock is 234, shipping is listed as 1-2 days, and pickup is listed as 1 hour at the Naguabo store.","ordering,summary",https://ncommercial.vercel.app/store/led-60w-bulb-4pack
qa_111,Garden,What is Heavy Duty Wheelbarrow 6 cu ft?,"Heavy Duty Wheelbarrow 6 cu ft is a True Temper product in the Garden category. Steel tray, hardwood handles. Pneumatic tire. Great for gardening and construction.","True Temper,WB-6CF-HD",https://ncommercial.vercel.app/store/wheelbarrow-6cuft
qa_112,Garden,How much does Heavy Duty Wheelbarrow 6 cu ft cost?,Heavy Duty Wheelbarrow 6 cu ft costs $89.00. It is on sale from $119.00 with a 25% savings.,"price,cost",https://ncommercial.vercel.app/store/wheelbarrow-6cuft
qa_113,Garden,What is the SKU or item number for Heavy Duty Wheelbarrow 6 cu ft?,The SKU/item number for Heavy Duty Wheelbarrow 6 cu ft is WB-6CF-HD.,"sku,item number",https://ncommercial.vercel.app/store/wheelbarrow-6cuft
qa_114,Garden,What is the UPC for Heavy Duty Wheelbarrow 6 cu ft?,The UPC for Heavy Duty Wheelbarrow 6 cu ft is 745035811563.,"UPC,barcode",https://ncommercial.vercel.app/store/wheelbarrow-6cuft
qa_115,Garden,What brand makes Heavy Duty Wheelbarrow 6 cu ft?,Heavy Duty Wheelbarrow 6 cu ft is made by True Temper.,brand,https://ncommercial.vercel.app/store/wheelbarrow-6cuft
qa_116,Garden,How many Heavy Duty Wheelbarrow 6 cu ft are in stock?,The site lists 24 units of Heavy Duty Wheelbarrow 6 cu ft in stock.,"stock,inventory",https://ncommercial.vercel.app/store/wheelbarrow-6cuft
qa_117,Garden,What is the rating for Heavy Duty Wheelbarrow 6 cu ft?,Heavy Duty Wheelbarrow 6 cu ft is rated 4.5 based on 234 reviews.,"rating,reviews",https://ncommercial.vercel.app/store/wheelbarrow-6cuft
qa_118,Garden,Can I pick up Heavy Duty Wheelbarrow 6 cu ft in store?,Yes. The product page says pickup is available in 1 hour at the Naguabo store for Heavy Duty Wheelbarrow 6 cu ft.,pickup,https://ncommercial.vercel.app/store/wheelbarrow-6cuft
qa_119,Garden,Does Heavy Duty Wheelbarrow 6 cu ft ship?,Yes. The product page says Heavy Duty Wheelbarrow 6 cu ft ships in 1-2 days.,shipping,https://ncommercial.vercel.app/store/wheelbarrow-6cuft
qa_120,Garden,Does Heavy Duty Wheelbarrow 6 cu ft qualify for free shipping?,The product page says shipping is free for orders over $99. Heavy Duty Wheelbarrow 6 cu ft is listed with that shipping note.,"shipping,free over 99",https://ncommercial.vercel.app/store/wheelbarrow-6cuft
qa_121,Garden,What category is Heavy Duty Wheelbarrow 6 cu ft in?,Heavy Duty Wheelbarrow 6 cu ft is in the Garden category.,category,https://ncommercial.vercel.app/store/wheelbarrow-6cuft
qa_122,Garden,Is Heavy Duty Wheelbarrow 6 cu ft available at the Naguabo store?,Yes. The product page lists Heavy Duty Wheelbarrow 6 cu ft at the Naguabo store with 24 in stock.,"availability,Naguabo store",https://ncommercial.vercel.app/store/wheelbarrow-6cuft
qa_123,Garden,Can I buy Heavy Duty Wheelbarrow 6 cu ft online?,Yes. The product page includes Add to cart and Buy now options for Heavy Duty Wheelbarrow 6 cu ft.,"online order,buy now",https://ncommercial.vercel.app/store/wheelbarrow-6cuft
qa_124,Garden,What are the main features of Heavy Duty Wheelbarrow 6 cu ft?,"Main details for Heavy Duty Wheelbarrow 6 cu ft: Steel tray, hardwood handles. Pneumatic tire. Great for gardening and construction.","features,description",https://ncommercial.vercel.app/store/wheelbarrow-6cuft
qa_125,Garden,Is Heavy Duty Wheelbarrow 6 cu ft a good option for its department?,"Based on the site listing, Heavy Duty Wheelbarrow 6 cu ft is a featured Garden product with a 4.5 rating and 234 reviews.","recommendation,featured",https://ncommercial.vercel.app/store/wheelbarrow-6cuft
qa_126,Garden,Do you have True Temper WB-6CF-HD?,Yes. WB-6CF-HD is Heavy Duty Wheelbarrow 6 cu ft by True Temper. The listed price is $89.00 and stock is 24 units.,"True Temper,WB-6CF-HD,lookup",https://ncommercial.vercel.app/store/wheelbarrow-6cuft
qa_127,Garden,What should I know before ordering Heavy Duty Wheelbarrow 6 cu ft?,"Before ordering Heavy Duty Wheelbarrow 6 cu ft, note the price is $89.00, SKU is WB-6CF-HD, stock is 24, shipping is listed as 1-2 days, and pickup is listed as 1 hour at the Naguabo store.","ordering,summary",https://ncommercial.vercel.app/store/wheelbarrow-6cuft
qa_128,Roof Sealing,What is Crossco® Water Guard™ 5 Gal?,"Crossco® Water Guard™ 5 Gal is a CROSSCO product in the Roof Sealing category. High-performance 3-in-1 sealant, primer, and paint with strong resistance to alkalinity. Hydrophobic Bio-Pruf Technology waterproofs roofs and walls against water, moisture, and leaks. Stain resistant, energy-saving, and easy to clean. Available in matte or satin finish.","CROSSCO,CC-WG-5G",https://ncommercial.vercel.app/store/crossco-water-guard
qa_129,Roof Sealing,How much does Crossco® Water Guard™ 5 Gal cost?,Crossco® Water Guard™ 5 Gal costs $59.99. It is on sale from $74.99 with a 20% savings.,"price,cost",https://ncommercial.vercel.app/store/crossco-water-guard
qa_130,Roof Sealing,What is the SKU or item number for Crossco® Water Guard™ 5 Gal?,The SKU/item number for Crossco® Water Guard™ 5 Gal is CC-WG-5G.,"sku,item number",https://ncommercial.vercel.app/store/crossco-water-guard
qa_131,Roof Sealing,What is the UPC for Crossco® Water Guard™ 5 Gal?,The UPC for Crossco® Water Guard™ 5 Gal is 787756100221.,"UPC,barcode",https://ncommercial.vercel.app/store/crossco-water-guard
qa_132,Roof Sealing,What brand makes Crossco® Water Guard™ 5 Gal?,Crossco® Water Guard™ 5 Gal is made by CROSSCO.,brand,https://ncommercial.vercel.app/store/crossco-water-guard
qa_133,Roof Sealing,How many Crossco® Water Guard™ 5 Gal are in stock?,The site lists 40 units of Crossco® Water Guard™ 5 Gal in stock.,"stock,inventory",https://ncommercial.vercel.app/store/crossco-water-guard
qa_134,Roof Sealing,What is the rating for Crossco® Water Guard™ 5 Gal?,Crossco® Water Guard™ 5 Gal is rated 4.7 based on 198 reviews.,"rating,reviews",https://ncommercial.vercel.app/store/crossco-water-guard
qa_135,Roof Sealing,Can I pick up Crossco® Water Guard™ 5 Gal in store?,Yes. The product page says pickup is available in 1 hour at the Naguabo store for Crossco® Water Guard™ 5 Gal.,pickup,https://ncommercial.vercel.app/store/crossco-water-guard
qa_136,Roof Sealing,Does Crossco® Water Guard™ 5 Gal ship?,Yes. The product page says Crossco® Water Guard™ 5 Gal ships in 1-2 days.,shipping,https://ncommercial.vercel.app/store/crossco-water-guard
qa_137,Roof Sealing,Does Crossco® Water Guard™ 5 Gal qualify for free shipping?,The product page says shipping is free for orders over $99. Crossco® Water Guard™ 5 Gal is listed with that shipping note.,"shipping,free over 99",https://ncommercial.vercel.app/store/crossco-water-guard
qa_138,Roof Sealing,What category is Crossco® Water Guard™ 5 Gal in?,Crossco® Water Guard™ 5 Gal is in the Roof Sealing category.,category,https://ncommercial.vercel.app/store/crossco-water-guard
qa_139,Roof Sealing,Is Crossco® Water Guard™ 5 Gal available at the Naguabo store?,Yes. The product page lists Crossco® Water Guard™ 5 Gal at the Naguabo store with 40 in stock.,"availability,Naguabo store",https://ncommercial.vercel.app/store/crossco-water-guard
qa_140,Roof Sealing,Can I buy Crossco® Water Guard™ 5 Gal online?,Yes. The product page includes Add to cart and Buy now options for Crossco® Water Guard™ 5 Gal.,"online order,buy now",https://ncommercial.vercel.app/store/crossco-water-guard
qa_141,Roof Sealing,What are the main features of Crossco® Water Guard™ 5 Gal?,"Main details for Crossco® Water Guard™ 5 Gal: High-performance 3-in-1 sealant, primer, and paint with strong resistance to alkalinity. Hydrophobic Bio-Pruf Technology waterproofs roofs and walls against water, moisture, and leaks. Stain resistant, energy-saving, and easy to clean. Available in matte or satin finish.","features,description",https://ncommercial.vercel.app/store/crossco-water-guard
qa_142,Roof Sealing,Is Crossco® Water Guard™ 5 Gal a good option for its department?,"Based on the site listing, Crossco® Water Guard™ 5 Gal is a featured Roof Sealing product with a 4.7 rating and 198 reviews.","recommendation,featured",https://ncommercial.vercel.app/store/crossco-water-guard
qa_143,Roof Sealing,Do you have CROSSCO CC-WG-5G?,Yes. CC-WG-5G is Crossco® Water Guard™ 5 Gal by CROSSCO. The listed price is $59.99 and stock is 40 units.,"CROSSCO,CC-WG-5G,lookup",https://ncommercial.vercel.app/store/crossco-water-guard
qa_144,Roof Sealing,What should I know before ordering Crossco® Water Guard™ 5 Gal?,"Before ordering Crossco® Water Guard™ 5 Gal, note the price is $59.99, SKU is CC-WG-5G, stock is 40, shipping is listed as 1-2 days, and pickup is listed as 1 hour at the Naguabo store.","ordering,summary",https://ncommercial.vercel.app/store/crossco-water-guard
qa_145,Roof Sealing,What is Crossco® Super White™?,"Crossco® Super White™ is a CROSSCO product in the Roof Sealing category. A water-based acrylic modified PVDF roof coating offering the ultimate in reflectivity, color stability, and weather-resistant performance. Maintains flexibility while providing durable protection against environmental elements. Designed as a protective finishing coat for roofing applications.","CROSSCO,RS077",https://ncommercial.vercel.app/store/crossco-super-white
qa_146,Roof Sealing,How much does Crossco® Super White™ cost?,Crossco® Super White™ costs $49.99.,"price,cost",https://ncommercial.vercel.app/store/crossco-super-white
qa_147,Roof Sealing,What is the SKU or item number for Crossco® Super White™?,The SKU/item number for Crossco® Super White™ is RS077.,"sku,item number",https://ncommercial.vercel.app/store/crossco-super-white
qa_148,Roof Sealing,What is the UPC for Crossco® Super White™?,The UPC for Crossco® Super White™ is 787756300034.,"UPC,barcode",https://ncommercial.vercel.app/store/crossco-super-white
qa_149,Roof Sealing,What brand makes Crossco® Super White™?,Crossco® Super White™ is made by CROSSCO.,brand,https://ncommercial.vercel.app/store/crossco-super-white
qa_150,Roof Sealing,How many Crossco® Super White™ are in stock?,The site lists 55 units of Crossco® Super White™ in stock.,"stock,inventory",https://ncommercial.vercel.app/store/crossco-super-white
qa_151,Roof Sealing,What is the rating for Crossco® Super White™?,Crossco® Super White™ is rated 4.8 based on 143 reviews.,"rating,reviews",https://ncommercial.vercel.app/store/crossco-super-white
qa_152,Roof Sealing,Can I pick up Crossco® Super White™ in store?,Yes. The product page says pickup is available in 1 hour at the Naguabo store for Crossco® Super White™.,pickup,https://ncommercial.vercel.app/store/crossco-super-white
qa_153,Roof Sealing,Does Crossco® Super White™ ship?,Yes. The product page says Crossco® Super White™ ships in 1-2 days.,shipping,https://ncommercial.vercel.app/store/crossco-super-white
qa_154,Roof Sealing,Does Crossco® Super White™ qualify for free shipping?,The product page says shipping is free for orders over $99. Crossco® Super White™ is listed with that shipping note.,"shipping,free over 99",https://ncommercial.vercel.app/store/crossco-super-white
qa_155,Roof Sealing,What category is Crossco® Super White™ in?,Crossco® Super White™ is in the Roof Sealing category.,category,https://ncommercial.vercel.app/store/crossco-super-white
qa_156,Roof Sealing,Is Crossco® Super White™ available at the Naguabo store?,Yes. The product page lists Crossco® Super White™ at the Naguabo store with 55 in stock.,"availability,Naguabo store",https://ncommercial.vercel.app/store/crossco-super-white
qa_157,Roof Sealing,Can I buy Crossco® Super White™ online?,Yes. The product page includes Add to cart and Buy now options for Crossco® Super White™.,"online order,buy now",https://ncommercial.vercel.app/store/crossco-super-white
qa_158,Roof Sealing,What are the main features of Crossco® Super White™?,"Main details for Crossco® Super White™: A water-based acrylic modified PVDF roof coating offering the ultimate in reflectivity, color stability, and weather-resistant performance. Maintains flexibility while providing durable protection against environmental elements. Designed as a protective finishing coat for roofing applications.","features,description",https://ncommercial.vercel.app/store/crossco-super-white
qa_159,Roof Sealing,Is Crossco® Super White™ a good option for its department?,"Based on the site listing, Crossco® Super White™ is a featured Roof Sealing product with a 4.8 rating and 143 reviews.","recommendation,featured",https://ncommercial.vercel.app/store/crossco-super-white
qa_160,Roof Sealing,Do you have CROSSCO RS077?,Yes. RS077 is Crossco® Super White™ by CROSSCO. The listed price is $49.99 and stock is 55 units.,"CROSSCO,RS077,lookup",https://ncommercial.vercel.app/store/crossco-super-white
qa_161,Roof Sealing,What should I know before ordering Crossco® Super White™?,"Before ordering Crossco® Super White™, note the price is $49.99, SKU is RS077, stock is 55, shipping is listed as 1-2 days, and pickup is listed as 1 hour at the Naguabo store.","ordering,summary",https://ncommercial.vercel.app/store/crossco-super-white
qa_162,Roof Sealing,What is Crossco® ES 2000 Plus™?,Crossco® ES 2000 Plus™ is a CROSSCO product in the Roof Sealing category. An advanced roof sealer featuring 100% acrylic with a high quality brilliant white finish that provides a strong reflecting coat to protect the roof surface. Will not crack or peel despite severe weather or joint movement.,"CROSSCO,RS050",https://ncommercial.vercel.app/store/crossco-es-2000-plus
qa_163,Roof Sealing,How much does Crossco® ES 2000 Plus™ cost?,Crossco® ES 2000 Plus™ costs $42.99.,"price,cost",https://ncommercial.vercel.app/store/crossco-es-2000-plus
qa_164,Roof Sealing,What is the SKU or item number for Crossco® ES 2000 Plus™?,The SKU/item number for Crossco® ES 2000 Plus™ is RS050.,"sku,item number",https://ncommercial.vercel.app/store/crossco-es-2000-plus
qa_165,Roof Sealing,What is the UPC for Crossco® ES 2000 Plus™?,The UPC for Crossco® ES 2000 Plus™ is 787756300072.,"UPC,barcode",https://ncommercial.vercel.app/store/crossco-es-2000-plus
qa_166,Roof Sealing,What brand makes Crossco® ES 2000 Plus™?,Crossco® ES 2000 Plus™ is made by CROSSCO.,brand,https://ncommercial.vercel.app/store/crossco-es-2000-plus
qa_167,Roof Sealing,How many Crossco® ES 2000 Plus™ are in stock?,The site lists 80 units of Crossco® ES 2000 Plus™ in stock.,"stock,inventory",https://ncommercial.vercel.app/store/crossco-es-2000-plus
qa_168,Roof Sealing,What is the rating for Crossco® ES 2000 Plus™?,Crossco® ES 2000 Plus™ is rated 4.8 based on 201 reviews.,"rating,reviews",https://ncommercial.vercel.app/store/crossco-es-2000-plus
qa_169,Roof Sealing,Can I pick up Crossco® ES 2000 Plus™ in store?,Yes. The product page says pickup is available in 1 hour at the Naguabo store for Crossco® ES 2000 Plus™.,pickup,https://ncommercial.vercel.app/store/crossco-es-2000-plus
qa_170,Roof Sealing,Does Crossco® ES 2000 Plus™ ship?,Yes. The product page says Crossco® ES 2000 Plus™ ships in 1-2 days.,shipping,https://ncommercial.vercel.app/store/crossco-es-2000-plus
qa_171,Roof Sealing,Does Crossco® ES 2000 Plus™ qualify for free shipping?,The product page says shipping is free for orders over $99. Crossco® ES 2000 Plus™ is listed with that shipping note.,"shipping,free over 99",https://ncommercial.vercel.app/store/crossco-es-2000-plus
qa_172,Roof Sealing,What category is Crossco® ES 2000 Plus™ in?,Crossco® ES 2000 Plus™ is in the Roof Sealing category.,category,https://ncommercial.vercel.app/store/crossco-es-2000-plus
qa_173,Roof Sealing,Is Crossco® ES 2000 Plus™ available at the Naguabo store?,Yes. The product page lists Crossco® ES 2000 Plus™ at the Naguabo store with 80 in stock.,"availability,Naguabo store",https://ncommercial.vercel.app/store/crossco-es-2000-plus
qa_174,Roof Sealing,Can I buy Crossco® ES 2000 Plus™ online?,Yes. The product page includes Add to cart and Buy now options for Crossco® ES 2000 Plus™.,"online order,buy now",https://ncommercial.vercel.app/store/crossco-es-2000-plus
qa_175,Roof Sealing,What are the main features of Crossco® ES 2000 Plus™?,Main details for Crossco® ES 2000 Plus™: An advanced roof sealer featuring 100% acrylic with a high quality brilliant white finish that provides a strong reflecting coat to protect the roof surface. Will not crack or peel despite severe weather or joint movement.,"features,description",https://ncommercial.vercel.app/store/crossco-es-2000-plus
qa_176,Roof Sealing,Is Crossco® ES 2000 Plus™ a good option for its department?,"Based on the site listing, Crossco® ES 2000 Plus™ is a featured Roof Sealing product with a 4.8 rating and 201 reviews.","recommendation,featured",https://ncommercial.vercel.app/store/crossco-es-2000-plus
qa_177,Roof Sealing,Do you have CROSSCO RS050?,Yes. RS050 is Crossco® ES 2000 Plus™ by CROSSCO. The listed price is $42.99 and stock is 80 units.,"CROSSCO,RS050,lookup",https://ncommercial.vercel.app/store/crossco-es-2000-plus
qa_178,Roof Sealing,What should I know before ordering Crossco® ES 2000 Plus™?,"Before ordering Crossco® ES 2000 Plus™, note the price is $42.99, SKU is RS050, stock is 80, shipping is listed as 1-2 days, and pickup is listed as 1 hour at the Naguabo store.","ordering,summary",https://ncommercial.vercel.app/store/crossco-es-2000-plus
qa_179,deals,Which products are currently shown with discounts?,"Discounted products shown include DEWALT 20V MAX Cordless Drill Kit at 20% off, Moen Single-Handle Kitchen Faucet at 20% off, True Temper Heavy Duty Wheelbarrow 6 cu ft at 25% off, and Crossco Water Guard 5 Gal at 20% off.","discounts,special offers",https://ncommercial.vercel.app/
qa_180,deals,Which product has the biggest discount?,The largest listed percentage discount is the True Temper Heavy Duty Wheelbarrow 6 cu ft at 25% off.,discount,https://ncommercial.vercel.app/
qa_181,comparison,Which listed product has the lowest price?,The lowest listed price among the visible products is Quikrete 60 lb. Concrete Mix at $6.48.,"price,lowest",https://ncommercial.vercel.app/
qa_182,comparison,Which listed product has the highest price?,The highest listed price among the visible products is the DEWALT 20V MAX Cordless Drill Kit at $199.99 sale price.,"price,highest",https://ncommercial.vercel.app/
qa_183,comparison,Which product has the most reviews?,"The EcoSmart LED 60W Equivalent Daylight Bulb 4-Pack has the most visible reviews, with 4,521 reviews.",reviews,https://ncommercial.vercel.app/
qa_184,comparison,Which product has the highest rating?,"The highest visible rating is 4.8, shared by the DEWALT 20V MAX Cordless Drill Kit, Crossco Super White, and Crossco ES 2000 Plus.",rating,https://ncommercial.vercel.app/
qa_185,comparison,Which product has the most inventory?,"Quikrete 60 lb. Concrete Mix has the most listed inventory, with 320 units in stock.",stock,https://ncommercial.vercel.app/
qa_186,comparison,Which product has the least inventory?,"True Temper Heavy Duty Wheelbarrow 6 cu ft has the lowest listed inventory among visible products, with 24 units in stock.",stock,https://ncommercial.vercel.app/
qa_187,roof sealing,What roof sealing products are listed?,"Listed roof sealing products include Crossco Water Guard 5 Gal, Crossco Super White, and Crossco ES 2000 Plus.",CROSSCO,https://ncommercial.vercel.app/
qa_188,roof sealing,What is the cheapest listed CROSSCO product?,The cheapest listed CROSSCO product is Crossco ES 2000 Plus at $42.99.,"CROSSCO,price",https://ncommercial.vercel.app/
qa_189,roof sealing,What is the most expensive listed CROSSCO product?,The most expensive listed CROSSCO product is Crossco Water Guard 5 Gal at $59.99 sale price.,"CROSSCO,price",https://ncommercial.vercel.app/
qa_190,roof sealing,"Which CROSSCO product is 3-in-1 sealant, primer, and paint?","Crossco Water Guard 5 Gal is described as a high-performance 3-in-1 sealant, primer, and paint.","CROSSCO,Water Guard",https://ncommercial.vercel.app/
qa_191,roof sealing,Which CROSSCO product is a finishing roof coat?,Crossco Super White is described as a protective finishing coat for roofing applications.,"CROSSCO,Super White",https://ncommercial.vercel.app/
qa_192,roof sealing,Which CROSSCO product is 100% acrylic?,Crossco ES 2000 Plus is described as an advanced roof sealer featuring 100% acrylic.,"CROSSCO,ES 2000 Plus",https://ncommercial.vercel.app/
qa_193,building materials,Which product is best for a general concrete application?,Quikrete 60 lb. Concrete Mix is described for any general concrete application and only requires adding water.,concrete,https://ncommercial.vercel.app/
qa_194,tools,Which product should I choose for tight-area drilling?,"The DEWALT 20V MAX Cordless Drill Kit is described as compact and lightweight, fitting into tight areas.",drill,https://ncommercial.vercel.app/
qa_195,plumbing,Which product should I choose for a kitchen faucet replacement?,"The Moen Single-Handle Kitchen Faucet is the listed kitchen faucet option. It has a chrome finish, pull-down sprayer, included hardware, and a lifetime limited warranty.",faucet,https://ncommercial.vercel.app/
qa_196,paint,Which product should I choose for interior wall paint?,"BEHR Premium Plus Interior Paint 1 Gal is the listed interior paint option. It is low VOC, eggshell finish, and available in thousands of colors.",interior paint,https://ncommercial.vercel.app/
qa_197,lighting,Which product should I choose for daylight bulbs?,"EcoSmart LED 60W Equivalent Daylight Bulb 4-Pack is listed as 800 lumens, 5000K daylight, and lasts up to 15,000 hours.","LED,daylight",https://ncommercial.vercel.app/
qa_198,garden,Which product should I choose for moving garden or construction material?,"The True Temper Heavy Duty Wheelbarrow 6 cu ft is described with a steel tray, hardwood handles, pneumatic tire, and is suitable for gardening and construction.",wheelbarrow,https://ncommercial.vercel.app/
qa_199,store,Do all listed products show pickup in 1 hour?,Yes. The visible individual product pages list pickup in 1 hour at the Naguabo store.,pickup,https://ncommercial.vercel.app/
qa_200,store,Do all listed products ship in 1-2 days?,Yes. The visible individual product pages state ships in 1-2 days.,shipping,https://ncommercial.vercel.app/
